id,name,team_id,points,position,market_value,variation,jornada,season,date
928,Parejo,533,5,3.0,807103.0,1223.0,21,2025,2026-01-27
1707,Gerard,533,2,4.0,42346500.0,-482759.0,21,2025,2026-01-27
0,Marcelino,533,0,5.0,0.0,0.0,21,2025,2026-01-27
70500,Sergi Cardona,533,0,2.0,6251470.0,-149578.0,21,2025,2026-01-27
278619,Luíz Júnior,533,6,1.0,16066755.0,-120027.0,21,2025,2026-01-27
166,Foyth,533,0,2.0,10184104.0,-291611.0,21,2025,2026-01-27
3246,N. Pépé,533,2,4.0,25111681.0,-424893.0,21,2025,2026-01-27
20696,Pape Gueye,533,2,3.0,12274229.0,354121.0,21,2025,2026-01-27
1702,Pedraza,533,0,2.0,2031477.0,18729.0,21,2025,2026-01-27
18906,Ayoze Pérez,533,2,4.0,18088190.0,-420157.0,21,2025,2026-01-27
237066,Rafa Marín,533,1,2.0,11075075.0,-7849.0,21,2025,2026-01-27
182519,Moleiro,533,0,3.0,118960277.0,746608.0,21,2025,2026-01-27
51016,T. Buchanan,533,2,3.0,15921233.0,-82187.0,21,2025,2026-01-27
49,T. Partey,533,1,3.0,1066454.0,-19753.0,21,2025,2026-01-27
435552,Pau Navarro,533,-1,2.0,592919.0,-24.0,21,2025,2026-01-27
336671,Renato Veiga,533,2,2.0,11274330.0,-95222.0,21,2025,2026-01-27
162473,Arnau Tenas,533,0,1.0,613959.0,-899.0,21,2025,2026-01-27
351587,T. Oluwaseyi,533,2,4.0,664961.0,-3025.0,21,2025,2026-01-27
180496,G. Mikautadze,533,3,4.0,19878675.0,177306.0,21,2025,2026-01-27
0,Carlos Macià,533,0,3.0,0.0,0.0,21,2025,2026-01-27
730,Courtois,541,10,1.0,49787337.0,614429.0,21,2025,2026-01-27
2207,Camavinga,541,7,3.0,25018910.0,620489.0,21,2025,2026-01-27
291964,Arda Guler,541,8,3.0,88146010.0,2831013.0,21,2025,2026-01-27
341640,Raúl Asencio,541,8,2.0,15171691.0,826564.0,21,2025,2026-01-27
47400,Lunin,541,0,1.0,596794.0,-184.0,21,2025,2026-01-27
733,Carvajal,541,0,2.0,4895156.0,-37100.0,21,2025,2026-01-27
505,Alaba,541,0,2.0,601685.0,-388.0,21,2025,2026-01-27
736,Fran García,541,0,2.0,635780.0,-1809.0,21,2025,2026-01-27
756,Valverde,541,6,3.0,110066317.0,1350742.0,21,2025,2026-01-27
744,Brahim,541,2,3.0,2038339.0,-18302.0,21,2025,2026-01-27
748,Ceballos,541,0,3.0,654979.0,-2609.0,21,2025,2026-01-27
10009,Rodrygo,541,0,4.0,49583283.0,279267.0,21,2025,2026-01-27
129718,Bellingham,541,9,3.0,124664812.0,298272.0,21,2025,2026-01-27
762,Vinicius Jr.,541,6,4.0,124412155.0,1770326.0,21,2025,2026-01-27
278,Mbappé,541,18,4.0,156043222.0,750485.0,21,2025,2026-01-27
361497,Huijsen,541,9,2.0,54801617.0,1249761.0,21,2025,2026-01-27
284300,Carreras,541,9,2.0,93257869.0,1423315.0,21,2025,2026-01-27
0,Diego Aguado,541,0,2.0,0.0,0.0,21,2025,2026-01-27
336711,Gonzalo,541,1,4.0,3231250.0,-29529.0,21,2025,2026-01-27
449249,Franco,541,6,4.0,6421901.0,180321.0,21,2025,2026-01-27
0,Mestre,541,0,1.0,0.0,0.0,21,2025,2026-01-27
0,Cestero,541,0,3.0,0.0,0.0,21,2025,2026-01-27
0,Arbeloa ,541,5,5.0,0.0,0.0,21,2025,2026-01-27
128582,De Frutos,728,3,4.0,38958724.0,-399456.0,21,2025,2026-01-27
47543,Álvaro García,728,2,3.0,17176545.0,-329148.0,21,2025,2026-01-27
47109,Ó. Valentín,728,2,3.0,798142.0,-8574.0,21,2025,2026-01-27
18895,Lejeune,728,5,2.0,40965810.0,-626203.0,21,2025,2026-01-27
181734,Chavarría,728,3,2.0,15798598.0,-236698.0,21,2025,2026-01-27
0,Iñigo Perez,728,0,5.0,0.0,0.0,21,2025,2026-01-27
324750,Carlos Martín,728,1,3.0,591600.0,31.0,21,2025,2026-01-27
156488,Cárdenas,728,0,1.0,590817.0,64.0,21,2025,2026-01-27
46759,Espino,728,0,2.0,593091.0,-30.0,21,2025,2026-01-27
131546,Isi,728,10,4.0,10020767.0,57880.0,21,2025,2026-01-27
41552,Pathé Ciss,728,10,3.0,2454912.0,27809.0,21,2025,2026-01-27
47285,Unai López,728,0,3.0,3839349.0,-75609.0,21,2025,2026-01-27
46887,Pedro Díaz,728,2,3.0,604761.0,-517.0,21,2025,2026-01-27
122657,Nteka,728,0,4.0,592609.0,-10.0,21,2025,2026-01-27
52,Camello,728,1,4.0,595825.0,-144.0,21,2025,2026-01-27
162931,Fran Pérez,728,0,3.0,611794.0,-809.0,21,2025,2026-01-27
290740,Akhomach,728,1,4.0,596424.0,-169.0,21,2025,2026-01-27
47557,Trejo,728,0,3.0,596060.0,-154.0,21,2025,2026-01-27
11379,A. Batalla,728,2,1.0,10803572.0,-189854.0,21,2025,2026-01-27
47414,Gumbau,728,0,3.0,593348.0,-41.0,21,2025,2026-01-27
1847,Luiz Felipe,728,0,2.0,610204.0,-743.0,21,2025,2026-01-27
314006,Jozhua Vertrouwd,728,-3,2.0,591594.0,33.0,21,2025,2026-01-27
91745,Alemão,728,1,4.0,623677.0,-1305.0,21,2025,2026-01-27
47448,Aitor Fdez.,727,0,1.0,592205.0,6.0,21,2025,2026-01-27
46662,Moncayola,727,10,3.0,4960230.0,51999.0,21,2025,2026-01-27
46646,S. Herrera,727,4,1.0,12556666.0,-147021.0,21,2025,2026-01-27
46658,Rubén García,727,4,3.0,13282769.0,257350.0,21,2025,2026-01-27
47574,Moi Gómez,727,0,3.0,790007.0,-8235.0,21,2025,2026-01-27
1825,Torró,727,1,3.0,754251.0,-6745.0,21,2025,2026-01-27
182621,Iker Muñoz,727,4,3.0,592052.0,13.0,21,2025,2026-01-27
279822,F. Boyomo,727,5,2.0,8380383.0,41698.0,21,2025,2026-01-27
181259,Abel Bretones,727,2,3.0,754073.0,-6737.0,21,2025,2026-01-27
47566,Javi Galán,727,8,2.0,2053514.0,92886.0,21,2025,2026-01-27
46967,Juan Cruz,727,0,2.0,623391.0,-1292.0,21,2025,2026-01-27
182592,Herrando,727,8,2.0,609022.0,-695.0,21,2025,2026-01-27
46667,Kike Barja,727,0,4.0,591739.0,26.0,21,2025,2026-01-27
67939,Aimar Oroz,727,2,3.0,4704524.0,-84801.0,21,2025,2026-01-27
146751,Raúl,727,1,4.0,597873.0,-230.0,21,2025,2026-01-27
46746,Budimir,727,8,4.0,21706146.0,549268.0,21,2025,2026-01-27
338751,Víctor Muñoz,727,9,4.0,8497682.0,271997.0,21,2025,2026-01-27
21701,Rosier,727,4,2.0,3451654.0,-43774.0,21,2025,2026-01-27
0,Alessio Lisci,727,5,5.0,0.0,0.0,21,2025,2026-01-27
381197,Asier Osambela,727,10,3.0,590170.0,92.0,21,2025,2026-01-27
421044,Íñigo Arguibide,727,0,2.0,587215.0,215.0,21,2025,2026-01-27
0,Rául Moro,727,0,4.0,0.0,0.0,21,2025,2026-01-27
47435,Fran Beltrán,547,2,3.0,599627.0,-302.0,21,2025,2026-01-27
47334,David López,547,0,2.0,602592.0,-427.0,21,2025,2026-01-27
1700,Iván Martín,547,5,3.0,2683585.0,7546.0,21,2025,2026-01-27
2182,Tsygankov,547,1,4.0,7231067.0,16532.0,21,2025,2026-01-27
531,Daley Blind,547,7,2.0,1791659.0,64130.0,21,2025,2026-01-27
162434,Alejandro Francés,547,3,2.0,592386.0,-1.0,21,2025,2026-01-27
45,Lemar,547,0,3.0,797976.0,8583.0,21,2025,2026-01-27
127,Ter Stegen,547,4,1.0,1457566.0,114216.0,21,2025,2026-01-27
158,Gazzaniga,547,0,1.0,1857787.0,-33748.0,21,2025,2026-01-27
432476,Krapyvtsov,547,0,1.0,590645.0,72.0,21,2025,2026-01-27
0,Michel,547,2,5.0,0.0,0.0,21,2025,2026-01-27
313025,Hugo Rincón,547,2,2.0,611009.0,-776.0,21,2025,2026-01-27
414359,Vitor Reis,547,11,2.0,4186017.0,118060.0,21,2025,2026-01-27
0,Gibi,547,0,2.0,0.0,0.0,21,2025,2026-01-27
339105,Joel Roca,547,3,3.0,604721.0,-514.0,21,2025,2026-01-27
47547,Álex Moreno,547,9,2.0,1460214.0,37107.0,21,2025,2026-01-27
161670,V. Vanat,547,2,4.0,4439548.0,160192.0,21,2025,2026-01-27
2061,Bryan Gil,547,3,4.0,1746085.0,5995.0,21,2025,2026-01-27
0,Arango,547,3,4.0,0.0,0.0,21,2025,2026-01-27
0,Echeverri,547,2,3.0,0.0,0.0,21,2025,2026-01-27
47247,David Soria,546,3,1.0,6451070.0,-110941.0,21,2025,2026-01-27
47258,Arambarri,546,3,3.0,21453600.0,-234181.0,21,2025,2026-01-27
46795,Domingos Duarte,546,4,2.0,1176733.0,-22477.0,21,2025,2026-01-27
119742,Juan Iglesias,546,9,2.0,806449.0,-8921.0,21,2025,2026-01-27
0,José Bordalás,546,2,5.0,0.0,0.0,21,2025,2026-01-27
66491,Letacek,546,0,1.0,591011.0,57.0,21,2025,2026-01-27
18867,Diego Rico,546,0,2.0,1027483.0,-18130.0,21,2025,2026-01-27
47085,Luis Milla,546,9,3.0,97411421.0,-1356030.0,21,2025,2026-01-27
309364,Coba,546,0,3.0,590456.0,79.0,21,2025,2026-01-27
343205,Mario Martín,546,1,3.0,662077.0,-2904.0,21,2025,2026-01-27
394573,Adrian Liso,546,0,4.0,1891465.0,-48103.0,21,2025,2026-01-27
47250,Djené,546,5,2.0,3015079.0,-57112.0,21,2025,2026-01-27
18794,Kiko Femenía,546,6,2.0,848076.0,-10654.0,21,2025,2026-01-27
46860,Javi Muñoz,546,0,3.0,596850.0,-186.0,21,2025,2026-01-27
184459,Álex Sancris,546,0,4.0,597171.0,-200.0,21,2025,2026-01-27
47320,Juanmi,546,0,4.0,610046.0,-736.0,21,2025,2026-01-27
47407,A. Nyom,546,0,2.0,593510.0,-47.0,21,2025,2026-01-27
0,Montes,546,0,2.0,0.0,0.0,21,2025,2026-01-27
0,Satriano,546,4,4.0,0.0,0.0,21,2025,2026-01-27
0,A. Riquelme,546,0,3.0,0.0,0.0,21,2025,2026-01-27
0,Zaid Romero,546,4,2.0,0.0,0.0,21,2025,2026-01-27
0,Luis Vázquez,546,9,4.0,0.0,0.0,21,2025,2026-01-27
0,Boselli,546,1,2.0,0.0,0.0,21,2025,2026-01-27
46933,Rioja,532,4,3.0,8925950.0,-31746.0,21,2025,2026-01-27
47264,Hugo Duro,532,9,4.0,3607019.0,19003.0,21,2025,2026-01-27
162127,Diego López,532,1,4.0,2910837.0,-72028.0,21,2025,2026-01-27
41157,Almeida,532,0,3.0,765896.0,-7230.0,21,2025,2026-01-27
181582,Copete,532,4,2.0,753212.0,2888.0,21,2025,2026-01-27
47527,Dimitrievski,532,3,1.0,599562.0,-299.0,21,2025,2026-01-27
162175,Jesús Vázquez,532,0,2.0,611531.0,-799.0,21,2025,2026-01-27
48372,E. Cömert,532,12,2.0,592308.0,3.0,21,2025,2026-01-27
47463,Pepelu,532,6,3.0,4204308.0,131999.0,21,2025,2026-01-27
315699,Javi Guerra,532,2,3.0,2856513.0,-72077.0,21,2025,2026-01-27
47251,Foulquier,532,1,2.0,702962.0,-4608.0,21,2025,2026-01-27
1708,Dani Raba,532,0,4.0,708336.0,-4832.0,21,2025,2026-01-27
0,Carlos Corberán,532,5,5.0,0.0,0.0,21,2025,2026-01-27
21153,B. Santamaría,532,2,3.0,687488.0,-3963.0,21,2025,2026-01-27
83,A. Danjuma,532,8,4.0,10455493.0,-69227.0,21,2025,2026-01-27
48465,Filip Ugrinic,532,5,3.0,651325.0,4207.0,21,2025,2026-01-27
31406,Sadiq,532,2,4.0,702583.0,-4592.0,21,2025,2026-01-27
0,Rubo,532,0,2.0,0.0,0.0,21,2025,2026-01-27
138776,L. Ramazani,532,8,4.0,625319.0,-1373.0,21,2025,2026-01-27
0,Navarro,532,0,2.0,0.0,0.0,21,2025,2026-01-27
6010,L. Beltrán,532,11,4.0,825492.0,25522.0,21,2025,2026-01-27
0,Panach,532,0,2.0,0.0,0.0,21,2025,2026-01-27
0,Fontanet,532,0,2.0,0.0,0.0,21,2025,2026-01-27
127426,Pol Lozano,540,2,3.0,666972.0,-3109.0,21,2025,2026-01-27
46799,Edu Expósito,540,2,3.0,75901828.0,-1151068.0,21,2025,2026-01-27
182674,Jofre,540,5,4.0,592631.0,-11.0,21,2025,2026-01-27
47478,Fernando Calero,540,4,2.0,3382075.0,15827.0,21,2025,2026-01-27
47398,Pere Milla,540,1,4.0,20155550.0,-365522.0,21,2025,2026-01-27
2813,Dmitrovic,540,2,1.0,12141264.0,-143591.0,21,2025,2026-01-27
47249,L. Cabrera,540,1,2.0,25343473.0,-10715.0,21,2025,2026-01-27
47396,Kike García,540,7,4.0,649989.0,-2402.0,21,2025,2026-01-27
187987,Terrats,540,10,3.0,600870.0,-355.0,21,2025,2026-01-27
312990,Roberto Fernández,540,3,4.0,11691677.0,-55931.0,21,2025,2026-01-27
184407,José Salinas,540,0,2.0,591976.0,16.0,21,2025,2026-01-27
47256,Miguel Rubio,540,1,2.0,596655.0,-178.0,21,2025,2026-01-27
199824,Rubén,540,0,2.0,592725.0,-15.0,21,2025,2026-01-27
297742,Antoniu Roca,540,0,4.0,590336.0,84.0,21,2025,2026-01-27
182735,Ángel Fortuño,540,0,1.0,591395.0,40.0,21,2025,2026-01-27
184420,Carlos Romero,540,2,2.0,53722500.0,80201.0,21,2025,2026-01-27
183699,Urko,540,4,2.0,663432.0,-2961.0,21,2025,2026-01-27
273732,T. Dolan,540,0,4.0,4453445.0,-76091.0,21,2025,2026-01-27
0,Manolo González,540,0,5.0,0.0,0.0,21,2025,2026-01-27
162585,Pol Tristán,540,0,1.0,590202.0,90.0,21,2025,2026-01-27
48555,Charles Pickel,540,1,3.0,595585.0,-134.0,21,2025,2026-01-27
282054,C. Riedel,540,0,2.0,795659.0,-8470.0,21,2025,2026-01-27
734,Dela,539,10,2.0,693105.0,19484.0,21,2025,2026-01-27
192032,Iván Romero,539,3,4.0,2561773.0,-42827.0,21,2025,2026-01-27
104949,Pablo Martínez,539,18,3.0,616781.0,4078.0,21,2025,2026-01-27
182603,Olasagasti,539,8,3.0,591670.0,28.0,21,2025,2026-01-27
182639,Unai Vencedor,539,0,3.0,592231.0,6.0,21,2025,2026-01-27
182770,Carlos Álvarez,539,3,3.0,6392098.0,-65347.0,21,2025,2026-01-27
64309,Manu Sánchez,539,2,2.0,717411.0,-5210.0,21,2025,2026-01-27
106727,Oriol Rey,539,0,3.0,596657.0,-178.0,21,2025,2026-01-27
128985,Iker Losada,539,4,3.0,594194.0,-76.0,21,2025,2026-01-27
286611,Pablo Campos,539,0,1.0,602017.0,-403.0,21,2025,2026-01-27
338295,Primo,539,0,1.0,595037.0,-112.0,21,2025,2026-01-27
421807,M. Moreno,539,0,2.0,659441.0,-2794.0,21,2025,2026-01-27
1118,J. Toljan,539,8,2.0,755696.0,-6806.0,21,2025,2026-01-27
0,Paco Cortes,539,2,4.0,0.0,0.0,21,2025,2026-01-27
47467,José Luis Morales,539,0,4.0,617614.0,-1053.0,21,2025,2026-01-27
450497,Carlos Espí,539,2,4.0,591220.0,48.0,21,2025,2026-01-27
378284,Etta Eyong,539,1,4.0,27548706.0,-405097.0,21,2025,2026-01-27
0,Nacho Perez,539,0,2.0,0.0,0.0,21,2025,2026-01-27
2741,M. Ryan,539,1,1.0,1790156.0,-20292.0,21,2025,2026-01-27
20817,Koyalipou,539,0,4.0,598978.0,-276.0,21,2025,2026-01-27
125239,Kevin Arriaga,539,0,3.0,643745.0,-2141.0,21,2025,2026-01-27
316517,A. Matturro,539,11,2.0,596137.0,-157.0,21,2025,2026-01-27
0,Luís Castro,539,5,5.0,0.0,0.0,21,2025,2026-01-27
0,Raghouber,539,2,3.0,0.0,0.0,21,2025,2026-01-27
47329,Pedrosa,797,-1,2.0,592774.0,-17.0,21,2025,2026-01-27
8746,Bambo Diaby,797,0,2.0,590938.0,59.0,21,2025,2026-01-27
189866,Jonh Donald,797,0,2.0,591528.0,35.0,21,2025,2026-01-27
47378,Bigas,797,0,2.0,2190081.0,-49988.0,21,2025,2026-01-27
46711,Aleix Febas,797,2,3.0,14583166.0,-198621.0,21,2025,2026-01-27
126640,Affengruber,797,3,2.0,17246574.0,-251790.0,21,2025,2026-01-27
0,Eder Sarabia,797,0,5.0,0.0,0.0,21,2025,2026-01-27
284415,Yago,797,1,4.0,590712.0,69.0,21,2025,2026-01-27
187318,Aguado,797,3,3.0,975177.0,-4363.0,21,2025,2026-01-27
126,Iñaki Peña,797,3,1.0,1876377.0,-25924.0,21,2025,2026-01-27
161963,Germán Valera,797,1,4.0,49640702.0,-138566.0,21,2025,2026-01-27
46973,Josan,797,0,3.0,592842.0,-19.0,21,2025,2026-01-27
271580,Martim Neto,797,3,3.0,3768184.0,64234.0,21,2025,2026-01-27
343202,Á. Rodríguez,797,6,4.0,3197591.0,11982.0,21,2025,2026-01-27
11346,Dituro,797,0,1.0,719996.0,-5318.0,21,2025,2026-01-27
157146,L. Pétrot,797,1,2.0,591794.0,24.0,21,2025,2026-01-27
311345,F. Redondo,797,0,3.0,597398.0,-209.0,21,2025,2026-01-27
2063,André Silva,797,0,4.0,2685247.0,-65692.0,21,2025,2026-01-27
315604,Alejandro Iturbe,797,0,1.0,590798.0,65.0,21,2025,2026-01-27
341371,Rodrigo Mendoza,797,2,3.0,792413.0,-8335.0,21,2025,2026-01-27
18821,G. Diangana,797,2,3.0,607365.0,-626.0,21,2025,2026-01-27
439293,Adam Boayar,797,8,4.0,591067.0,55.0,21,2025,2026-01-27
0,David Delgado,797,0,2.0,0.0,0.0,21,2025,2026-01-27
0,Álex Sánchez,797,6,3.0,0.0,0.0,21,2025,2026-01-27
47314,Zubeldia,548,4,2.0,2907444.0,-16967.0,21,2025,2026-01-27
47269,Remiro,548,6,1.0,5013561.0,-9185.0,21,2025,2026-01-27
47317,Barrenetxea,548,2,3.0,34552808.0,-102463.0,21,2025,2026-01-27
183744,Turrientes,548,7,3.0,603824.0,-477.0,21,2025,2026-01-27
189832,Marrero,548,0,1.0,590740.0,68.0,21,2025,2026-01-27
47298,Aritz,548,0,2.0,593117.0,-31.0,21,2025,2026-01-27
47303,Aihen,548,2,2.0,594583.0,-92.0,21,2025,2026-01-27
737,Odriozola,548,5,2.0,592671.0,-12.0,21,2025,2026-01-27
199044,Aramburu,548,4,2.0,786806.0,-2041.0,21,2025,2026-01-27
7332,Luka Sucic,548,4,3.0,608796.0,-685.0,21,2025,2026-01-27
61774,Oskarsson,548,2,4.0,605153.0,-533.0,21,2025,2026-01-27
47440,Brais Méndez,548,9,3.0,32563097.0,441596.0,21,2025,2026-01-27
47323,Oyarzabal,548,16,4.0,70762030.0,2074731.0,21,2025,2026-01-27
183748,Karrikaburu,548,0,4.0,592612.0,-10.0,21,2025,2026-01-27
287654,Jon Gorrotxategi,548,9,3.0,1372442.0,12199.0,21,2025,2026-01-27
1902,Caleta-Car,548,-1,2.0,689621.0,-4052.0,21,2025,2026-01-27
405073,Jon Martín,548,7,2.0,608794.0,1374.0,21,2025,2026-01-27
925,Guedes,548,5,4.0,29242765.0,1024062.0,21,2025,2026-01-27
290106,Pablo Marín,548,1,3.0,603582.0,-468.0,21,2025,2026-01-27
337843,Fraga,548,0,1.0,599212.0,-285.0,21,2025,2026-01-27
0,Pellegrino Matarazzo,548,5,5.0,0.0,0.0,21,2025,2026-01-27
0,Aguirre,548,0,3.0,0.0,0.0,21,2025,2026-01-27
47427,Iván Villar,538,0,1.0,591797.0,24.0,21,2025,2026-01-27
2278,Marcos Alonso,538,0,2.0,35889281.0,475227.0,21,2025,2026-01-27
0,Claudio Giraldez,538,0,5.0,0.0,0.0,21,2025,2026-01-27
384135,Javi Rodríguez,538,0,2.0,625467.0,-1379.0,21,2025,2026-01-27
329720,Hugo Álvarez,538,1,3.0,637598.0,-1884.0,21,2025,2026-01-27
162712,Mingueza,538,-1,2.0,5766302.0,-40211.0,21,2025,2026-01-27
47988,Starfelt,538,3,2.0,3922798.0,57700.0,21,2025,2026-01-27
21584,Ristić,538,0,2.0,590558.0,76.0,21,2025,2026-01-27
286559,Carlos Domínguez,538,0,2.0,592244.0,5.0,21,2025,2026-01-27
269163,Swedberg,538,1,3.0,1135205.0,-22618.0,21,2025,2026-01-27
313651,Sotelo,538,6,3.0,1306768.0,-11896.0,21,2025,2026-01-27
320517,Pablo Durán,538,3,4.0,605602.0,-551.0,21,2025,2026-01-27
47445,Aspas,538,3,4.0,3449928.0,-62389.0,21,2025,2026-01-27
1926,Aidoo,538,0,2.0,593847.0,-61.0,21,2025,2026-01-27
157988,Carreira,538,1,2.0,1610636.0,4481.0,21,2025,2026-01-27
286639,Bryan Zaragoza,538,5,4.0,5321908.0,115586.0,21,2025,2026-01-27
162123,I. Moriba,538,1,3.0,1189406.0,-13119.0,21,2025,2026-01-27
333502,Miguel Román,538,2,3.0,848928.0,-10690.0,21,2025,2026-01-27
47348,Borja Iglesias,538,5,4.0,21563299.0,-91075.0,21,2025,2026-01-27
182638,Manu Fernández,538,4,3.0,597014.0,-193.0,21,2025,2026-01-27
351913,Abdellaoui,538,4,4.0,592445.0,-3.0,21,2025,2026-01-27
30765,I. Radu,538,1,1.0,13929760.0,21473.0,21,2025,2026-01-27
179955,Javi Rueda,538,0,2.0,3549617.0,-48376.0,21,2025,2026-01-27
0,Burcio,538,0,3.0,0.0,0.0,21,2025,2026-01-27
195923,Carmona,536,3,2.0,5385436.0,-81644.0,21,2025,2026-01-27
957,Sow,536,3,3.0,609884.0,-730.0,21,2025,2026-01-27
182772,Juanlu,536,12,3.0,707333.0,6087.0,21,2025,2026-01-27
1489,Gudelj,536,4,3.0,682045.0,-3736.0,21,2025,2026-01-27
21004,Agoumé,536,6,3.0,2350355.0,5196.0,21,2025,2026-01-27
39121,Ejuke,536,1,4.0,637928.0,-1898.0,21,2025,2026-01-27
162126,Peque,536,9,4.0,595844.0,-146.0,21,2025,2026-01-27
185398,Isaac Romero,536,2,4.0,1221401.0,-26210.0,21,2025,2026-01-27
19172,Nyland,536,0,1.0,633898.0,-1730.0,21,2025,2026-01-27
297311,Kike Salas,536,7,2.0,719687.0,21353.0,21,2025,2026-01-27
0,Matías Almeyda,536,5,5.0,0.0,0.0,21,2025,2026-01-27
338902,Andrés Castrín,536,5,2.0,599770.0,-308.0,21,2025,2026-01-27
331607,Manu Bueno,536,2,3.0,591074.0,53.0,21,2025,2026-01-27
57446,Akor Adams,536,8,4.0,1075087.0,67753.0,21,2025,2026-01-27
0,Miguel Sierra,536,0,4.0,0.0,0.0,21,2025,2026-01-27
308346,Alberto Flores,536,0,1.0,590685.0,69.0,21,2025,2026-01-27
11421,G. Suazo,536,2,2.0,1886212.0,-25935.0,21,2025,2026-01-27
557,Vlachodimos,536,7,1.0,1926743.0,-21433.0,21,2025,2026-01-27
47389,Jordán,536,1,3.0,593275.0,-37.0,21,2025,2026-01-27
0,Alex Costa,536,0,4.0,0.0,0.0,21,2025,2026-01-27
341453,Oso,536,2,2.0,596923.0,-189.0,21,2025,2026-01-27
41208,Fábio Cardoso,536,0,2.0,602354.0,-416.0,21,2025,2026-01-27
47270,Unai Simón,531,5,1.0,10683924.0,-111226.0,21,2025,2026-01-27
47273,Yuri,531,0,2.0,8384795.0,-119147.0,21,2025,2026-01-27
47418,Vesga,531,2,3.0,592751.0,-16.0,21,2025,2026-01-27
30510,Berenguer,531,6,4.0,19857379.0,-146723.0,21,2025,2026-01-27
47007,De Galarreta,531,0,3.0,5948588.0,-129093.0,21,2025,2026-01-27
0,Ernesto Valverde,531,0,5.0,0.0,0.0,21,2025,2026-01-27
383780,Jauregizar,531,3,3.0,25591294.0,-413220.0,21,2025,2026-01-27
47278,Vivian,531,0,2.0,13061809.0,-246542.0,21,2025,2026-01-27
183849,Paredes,531,2,2.0,6344520.0,-119114.0,21,2025,2026-01-27
47299,Gorosabel,531,0,2.0,601181.0,-367.0,21,2025,2026-01-27
332308,Unai Gómez,531,2,3.0,591968.0,17.0,21,2025,2026-01-27
128398,Sancet,531,2,3.0,10315679.0,-139781.0,21,2025,2026-01-27
182181,Areso,531,1,2.0,3062065.0,-59601.0,21,2025,2026-01-27
183799,Nico Williams,531,2,4.0,72250911.0,-745993.0,21,2025,2026-01-27
286593,Nico Serrano,531,2,4.0,592511.0,-6.0,21,2025,2026-01-27
336998,Adama,531,0,2.0,591067.0,55.0,21,2025,2026-01-27
84086,Robert Navarro,531,7,3.0,815004.0,14281.0,21,2025,2026-01-27
312468,Padilla,531,0,1.0,593183.0,-34.0,21,2025,2026-01-27
332309,Alejandro Rego,531,0,3.0,591515.0,35.0,21,2025,2026-01-27
183776,Urko Izeta,531,2,4.0,592703.0,-14.0,21,2025,2026-01-27
0,Jon De Luis,531,0,2.0,0.0,0.0,21,2025,2026-01-27
0,Monreal,531,0,2.0,0.0,0.0,21,2025,2026-01-27
568156,Selton Sánchez,531,0,3.0,589050.0,138.0,21,2025,2026-01-27
0,Asier Hierro,531,2,4.0,0.0,0.0,21,2025,2026-01-27
161928,Álex Balde,529,3,2.0,49884788.0,-820818.0,21,2025,2026-01-27
340626,Fermín,529,2,3.0,143558727.0,662463.0,21,2025,2026-01-27
396623,Pau Cubarsí,529,9,2.0,43470381.0,278550.0,21,2025,2026-01-27
0,Hansi Flick,529,5,5.0,0.0,0.0,21,2025,2026-01-27
619,Eric García,529,8,2.0,79727203.0,947614.0,21,2025,2026-01-27
1257,Koundé,529,3,2.0,44062731.0,-443482.0,21,2025,2026-01-27
101814,Araújo,529,0,2.0,3285571.0,-67639.0,21,2025,2026-01-27
538,De Jong,529,8,3.0,64093607.0,1121671.0,21,2025,2026-01-27
1323,Dani Olmo,529,18,3.0,56522547.0,2395666.0,21,2025,2026-01-27
329728,Casadó,529,4,3.0,1194296.0,-2839.0,21,2025,2026-01-27
521,Lewandowski,529,5,4.0,55284971.0,418419.0,21,2025,2026-01-27
1496,Raphinha,529,14,4.0,165846590.0,685380.0,21,2025,2026-01-27
386828,Lamine Yamal,529,13,4.0,158917636.0,-259763.0,21,2025,2026-01-27
182718,Joan García,529,11,1.0,67897805.0,196221.0,21,2025,2026-01-27
909,Rashford,529,0,4.0,40184867.0,-736168.0,21,2025,2026-01-27
383647,Kochen,529,0,1.0,592804.0,-19.0,21,2025,2026-01-27
445973,Toni Fernández,529,0,4.0,590641.0,72.0,21,2025,2026-01-27
181701,Gerard Martín,529,1,2.0,22502041.0,-341660.0,21,2025,2026-01-27
851,Szczesny,529,0,1.0,1029943.0,-18233.0,21,2025,2026-01-27
433396,Marc Bernal,529,2,3.0,610745.0,-765.0,21,2025,2026-01-27
338958,R. Bardghji,529,3,3.0,905963.0,-13067.0,21,2025,2026-01-27
0,Juan Hernández,529,0,3.0,0.0,0.0,21,2025,2026-01-27
0,Tommy Marqués,529,0,2.0,0.0,0.0,21,2025,2026-01-27
0,Cancelo,529,6,2.0,0.0,0.0,21,2025,2026-01-27
47429,David Costas,718,-1,2.0,683545.0,-3799.0,21,2025,2026-01-27
46657,Nacho Vidal,718,3,2.0,601156.0,-366.0,21,2025,2026-01-27
3608,K. Sibo,718,3,3.0,595009.0,-110.0,21,2025,2026-01-27
46966,Dani Calvo,718,0,2.0,599031.0,-277.0,21,2025,2026-01-27
46673,Aarón Escandell,718,4,1.0,23686114.0,-247942.0,21,2025,2026-01-27
182636,Javi López,718,0,2.0,592858.0,-20.0,21,2025,2026-01-27
20844,H. Hassan,718,3,4.0,1076980.0,11293.0,21,2025,2026-01-27
1695,Santi Cazorla,718,2,3.0,611380.0,-792.0,21,2025,2026-01-27
131548,Lucas Ahijado,718,3,2.0,592635.0,-11.0,21,2025,2026-01-27
42642,Moldovan,718,0,1.0,592416.0,-2.0,21,2025,2026-01-27
51530,F. Viñas,718,1,4.0,609693.0,-723.0,21,2025,2026-01-27
38699,L. Ilić,718,0,3.0,595484.0,-130.0,21,2025,2026-01-27
184194,Álex Forés,718,0,4.0,590811.0,65.0,21,2025,2026-01-27
182486,Alberto Reina,718,1,3.0,595825.0,-144.0,21,2025,2026-01-27
30927,S. Colombatto,718,2,3.0,605115.0,-531.0,21,2025,2026-01-27
266202,I. Chaira,718,4,4.0,714973.0,-5078.0,21,2025,2026-01-27
2922,L. Dendoncker,718,0,3.0,863988.0,-11317.0,21,2025,2026-01-27
2762,J. Brekalo,718,2,3.0,596108.0,-156.0,21,2025,2026-01-27
41970,David Carmo,718,2,2.0,854432.0,-10919.0,21,2025,2026-01-27
600938,Pablo Agudin,718,0,3.0,580771.0,483.0,21,2025,2026-01-27
0,Guillermo Almada,718,0,5.0,0.0,0.0,21,2025,2026-01-27
0,T. Borbas,718,1,4.0,0.0,0.0,21,2025,2026-01-27
0,Fonseca,718,1,3.0,0.0,0.0,21,2025,2026-01-27
753,Llorente,530,8,3.0,88184931.0,1456170.0,21,2025,2026-01-27
47301,Le Normand,530,2,2.0,8533783.0,-194298.0,21,2025,2026-01-27
323935,Giuliano,530,3,4.0,60295062.0,-103866.0,21,2025,2026-01-27
336594,Barrios,530,7,3.0,69959792.0,1769218.0,21,2025,2026-01-27
2465,Musso,530,0,1.0,591255.0,47.0,21,2025,2026-01-27
29,Oblak,530,11,1.0,21769255.0,256994.0,21,2025,2026-01-27
133,Lenglet,530,0,2.0,865620.0,-11386.0,21,2025,2026-01-27
31,Giménez,530,7,2.0,5011404.0,44123.0,21,2025,2026-01-27
6503,Nahuel,530,0,2.0,1004269.0,-17162.0,21,2025,2026-01-27
50,Koke,530,3,3.0,21717904.0,-280212.0,21,2025,2026-01-27
8492,Sørloth,530,11,4.0,8861455.0,463243.0,21,2025,2026-01-27
133185,Johnny Cardoso,530,6,3.0,1509857.0,31050.0,21,2025,2026-01-27
6009,Julián A.,530,10,4.0,99227095.0,1352412.0,21,2025,2026-01-27
0,Simeone,530,5,5.0,0.0,0.0,21,2025,2026-01-27
162012,Ruggeri,530,0,2.0,3241597.0,-46264.0,21,2025,2026-01-27
182219,Álex Baena,530,3,3.0,64324094.0,-1038955.0,21,2025,2026-01-27
6067,Thiago Almada,530,9,3.0,5457703.0,33296.0,21,2025,2026-01-27
30399,D. Hancko,530,8,2.0,34185595.0,681760.0,21,2025,2026-01-27
295793,Marc Pubill,530,10,2.0,8713800.0,313601.0,21,2025,2026-01-27
0,Esquivel,530,0,1.0,0.0,0.0,21,2025,2026-01-27
26315,Nico González,530,2,3.0,8418116.0,-192451.0,21,2025,2026-01-27
0,Julio Díaz,530,0,2.0,0.0,0.0,21,2025,2026-01-27
47336,Darder,798,5,3.0,10573430.0,157710.0,21,2025,2026-01-27
46733,Raíllo,798,0,2.0,4812540.0,-89562.0,21,2025,2026-01-27
46738,Valjent,798,3,2.0,2670214.0,-36775.0,21,2025,2026-01-27
0,Jagoba Arrasate,798,0,5.0,0.0,0.0,21,2025,2026-01-27
190485,Samú Costa,798,2,3.0,1493355.0,-25170.0,21,2025,2026-01-27
335697,David López,798,0,2.0,591089.0,54.0,21,2025,2026-01-27
179139,Leo Román,798,7,1.0,1636244.0,-3479.0,21,2025,2026-01-27
26302,Maffeo,798,2,2.0,1292735.0,-23386.0,21,2025,2026-01-27
107194,Antonio S.,798,2,3.0,592389.0,-2.0,21,2025,2026-01-27
64268,Mojica,798,3,2.0,7505887.0,-121633.0,21,2025,2026-01-27
414,Mascarell,798,3,3.0,625902.0,-1397.0,21,2025,2026-01-27
46751,Abdón,798,0,4.0,592099.0,11.0,21,2025,2026-01-27
25375,T. Asano,798,0,4.0,594400.0,-84.0,21,2025,2026-01-27
50048,Muriqi,798,3,4.0,43014481.0,658856.0,21,2025,2026-01-27
285909,Pablo Torre,798,1,3.0,841449.0,-10379.0,21,2025,2026-01-27
108519,Mateu Morey,798,-1,2.0,596797.0,-184.0,21,2025,2026-01-27
293604,Javi Llabrés,798,2,4.0,591019.0,56.0,21,2025,2026-01-27
47399,Cuéllar,798,0,1.0,591169.0,49.0,21,2025,2026-01-27
313059,M. Joseph,798,4,4.0,913992.0,-13401.0,21,2025,2026-01-27
152955,L. Bergström,798,0,1.0,601093.0,-363.0,21,2025,2026-01-27
0,Salhi,798,0,2.0,0.0,0.0,21,2025,2026-01-27
491248,Jan Virgili,798,0,4.0,8003954.0,-149017.0,21,2025,2026-01-27
0,Olaizola,798,0,2.0,0.0,0.0,21,2025,2026-01-27
0,Kalumba Jr,798,0,4.0,0.0,0.0,21,2025,2026-01-27
47309,Guevara,542,2,3.0,594712.0,-98.0,21,2025,2026-01-27
104821,Guridi,542,1,3.0,600930.0,-356.0,21,2025,2026-01-27
47353,Sivera,542,6,1.0,2807766.0,-27718.0,21,2025,2026-01-27
162686,Blanco,542,3,3.0,2395491.0,-32961.0,21,2025,2026-01-27
6233,Tenaglia,542,3,2.0,12400211.0,-125007.0,21,2025,2026-01-27
6085,Protesoni,542,5,3.0,593544.0,-49.0,21,2025,2026-01-27
47181,Toni Martínez,542,12,4.0,878496.0,1231.0,21,2025,2026-01-27
182546,Jon Pacheco,542,4,2.0,598604.0,-261.0,21,2025,2026-01-27
187214,C. Vicente,542,9,4.0,10922606.0,175051.0,21,2025,2026-01-27
18740,Jonny Otto,542,3,2.0,2120568.0,-40814.0,21,2025,2026-01-27
143,Aleñá,542,5,3.0,2319387.0,-41965.0,21,2025,2026-01-27
46987,Raúl Fernández,542,0,1.0,590775.0,66.0,21,2025,2026-01-27
361384,Yusi,542,1,2.0,591344.0,43.0,21,2025,2026-01-27
139001,Ibáñez,542,13,3.0,840335.0,1852.0,21,2025,2026-01-27
183751,Rebbach,542,1,4.0,591637.0,31.0,21,2025,2026-01-27
0,Coudet,542,5,5.0,0.0,0.0,21,2025,2026-01-27
128951,Víctor Parada,542,0,2.0,592019.0,14.0,21,2025,2026-01-27
266658,Calebe,542,0,3.0,592389.0,-2.0,21,2025,2026-01-27
608,L. Boyé,542,13,4.0,736166.0,623.0,21,2025,2026-01-27
439032,Rubén Montero,542,0,1.0,590557.0,76.0,21,2025,2026-01-27
0,Mañas,542,0,4.0,0.0,0.0,21,2025,2026-01-27
1561,Bartra,543,7,2.0,39026307.0,578433.0,21,2025,2026-01-27
286084,Altimira,543,3,3.0,1176456.0,-14494.0,21,2025,2026-01-27
1697,Fornals,543,3,3.0,127106943.0,409702.0,21,2025,2026-01-27
18812,Adrián,543,0,1.0,591427.0,40.0,21,2025,2026-01-27
47302,Diego Llorente,543,6,2.0,609657.0,687.0,21,2025,2026-01-27
47341,Marc Roca,543,6,3.0,1510499.0,30131.0,21,2025,2026-01-27
3033,C. Bakambu,543,1,4.0,598138.0,-240.0,21,2025,2026-01-27
47579,Chimy Ávila,543,2,4.0,595794.0,-143.0,21,2025,2026-01-27
181421,Ez Abde,543,10,4.0,39794685.0,1364354.0,21,2025,2026-01-27
46990,Valles,543,0,1.0,3011026.0,-54232.0,21,2025,2026-01-27
195100,Natan,543,1,2.0,49180034.0,-1031141.0,21,2025,2026-01-27
0,Manuel Pellegrini,543,0,5.0,0.0,0.0,21,2025,2026-01-27
355004,Valentín,543,0,2.0,1486428.0,-17512.0,21,2025,2026-01-27
1557,Pau López,543,8,1.0,993182.0,-9041.0,21,2025,2026-01-27
300885,Nelson Deossa,543,2,3.0,667035.0,-3112.0,21,2025,2026-01-27
1631,R. Rodríguez,543,0,2.0,1184701.0,-24681.0,21,2025,2026-01-27
334574,Ángel Ortiz,543,-1,2.0,594424.0,-85.0,21,2025,2026-01-27
443163,Pablo García,543,2,4.0,606143.0,-575.0,21,2025,2026-01-27
0,Iván,543,1,3.0,0.0,0.0,21,2025,2026-01-27
9971,Antony,543,3,4.0,114090082.0,-1395264.0,21,2025,2026-01-27
